class,header,notes
GadgetCreateView,Code/GameEngine/Source/GameClient/GUI/GameWindowManagerRecordView.h,native0x34-byte GUI factory record view; field labels follow donor semantics with verified target accesses
TabWindowManagerView,Code/GameEngine/Source/GameClient/GUI/GameWindowManagerRecordView.h,shared native GUI manager call view; observed virtual slots only; original target type name remains unasserted
AsciiString,reference/shims/bfme2_ascii/ascii_string.h,BFME2 string model; include path /Ireference/shims/bfme2_ascii first
StringBase,reference/shims/bfme2_ascii/string_base.h,frozen Open-BFME-1 WWLib string_base.h (77db49c3d)
UnicodeString,reference/shims/bfme2_ascii/unicode_string.h,shared since d930928ea
Snapshot,reference/shims/moduledata/Common/Snapshot.h,BFME2 Snapshot base at vtable 0x00BBB554; virtual destructor then crc xfer loadPostProcess; slots 1-3 are purecall
Video,Code/GameEngine/Include/GameClient/BfmeVideoRecord.h,native 28B video records; donor labels with verified copy and table offsets
BfmeVideoTableStorage,Code/GameEngine/Include/GameClient/BfmeVideoTable.h,shared three-pointer native video-table ABI view
Rva0040EDB,Code/GameEngine/Include/Common/Rva00041004Lock.h,target-owned virtual slot ordering and accessed prefixes; original identities and complete sizes unknown
Rva00041004,Code/GameEngine/Include/Common/Rva00041004Lock.h,target-owned virtual slot ordering and accessed prefixes; original identities and complete sizes unknown
Rva00514E6B,Code/GameEngine/Include/Common/Rva00041004Lock.h,target-owned virtual slot ordering and accessed prefixes; original identities and complete sizes unknown
Rva000851F3,Code/GameEngine/Include/GameClient/Rva0008990CArrayOwner.h,target-owned dispatch and accessed owning prefixes; original identities and complete sizes unknown
Rva00089894ArrayElement,Code/GameEngine/Include/GameClient/Rva0008990CArrayOwner.h,target-owned dispatch and accessed owning prefixes; original identities and complete sizes unknown
Rva0089971,Code/GameEngine/Include/GameClient/Rva0008990CArrayOwner.h,target-owned dispatch and accessed owning prefixes; original identities and complete sizes unknown
Rva00089894Point,Code/GameEngine/Include/GameClient/Rva0008990CArrayOwner.h,shared trivial three-float value for target-proven element prefix; original point identity unknown
Rva00086761CameraMove,Code/GameEngine/Include/GameClient/Rva0008990CArrayOwner.h,target-owned outer prefix and unchanged-this updater; original receiver names/full size unknown
