date,commit,objects,unresolved,alias,pinned_elsewhere,dump,data,import,unpinned,duplicates,comdat_conflicts,comdat_vtables,scaffold_aliases,scaffold_unresolved,scaffold_crashed,files,files_linked,blocking_names,addresses,linked_bytes,linked_authored,game_code
2026-09-29 11:03,c4d3910546,9016,9025,1703,651,0,0,600,6071,1739,6108,330,,,,8984,3961,8342,2228,732772,563360,7516589
2026-09-30 18:26,da49a347d4,10100,9334,1733,607,0,0,607,6387,1818,6432,343,,,,10068,4685,8644,2252,834806,663840,7515650
2026-09-30 21:46,d20a7093cb,10310,9362,1738,591,0,0,611,6422,1821,6472,344,,,,10278,5069,8616,2247,951683,724214,7514921
2026-09-30 22:16,03a4773aaa,10328,9309,1724,589,0,0,611,6385,1818,6480,344,,,,10296,5185,8563,2247,1012403,774574,7514820
2026-09-30 22:45,fc5d5373ee,10357,9315,1720,589,0,0,611,6395,1566,6271,345,,,,10325,5343,8569,2247,1057864,795678,7514820
2026-09-30 23:19,94a40108f3,10384,8860,1721,588,0,0,611,5940,1568,6277,345,,,,10352,5426,8114,2247,1066477,804291,7514820
2026-10-01 00:08,6de6cf837f,10442,8700,1710,574,0,0,611,5805,1574,6291,349,,,,10410,5514,7954,2247,1077902,815716,7514820
2026-10-01 01:24,5f01a9c2c9,10494,8609,1698,571,0,0,610,5730,1577,6306,349,,,,10462,5723,7863,2240,1139905,877719,7514820
2026-10-01 02:18,b0dd52fc58,10545,8466,1676,567,0,0,610,5613,1575,6315,349,,,,10513,5854,7720,2234,1160590,898404,7514820
2026-10-01 03:17,85af8687d1,10598,8456,1662,567,0,0,610,5617,1444,6323,349,,,,10566,5952,7710,2234,1178246,916060,7514820
2026-10-01 03:52,58abefdd10,10626,8405,1660,567,0,0,610,5568,1416,6336,348,,,,10594,5986,7659,2234,1183168,920982,7514820
2026-10-01 10:14,cd8e195d24,10943,8423,1615,565,0,0,611,5632,1429,6384,353,,,,10911,6294,7675,2079,1161831,899645,7514820
